{"payload":{"file_name":"D:\\code\\Kronos\\finetune\\train_tokenizer.py","message_id":1},"type":"file_name"}
{"payload":{"additional_params":{"assetId":"7f6bc0e6696d490faca8f90c39da5a3d","context":null,"extension":"py","fileName":"D:\\code\\Kronos\\finetune\\train_tokenizer.py","overwrite":false,"runId":"yvSkgNoU5ofNWQZdkqEAlQ88R","step":null,"type":"source_code"},"clean":true,"file_path":"tmpimnqr064","local_timestamp":1757345231932,"message_id":2,"metadata":{"source_code_type":"experiment_creation"},"upload_type":"source_code"},"type":"file_upload"}
{"payload":{"installed_packages":["accelerate==1.10.1","aiohappyeyeballs==2.6.1","aiohttp==3.12.15","aiosignal==1.4.0","alembic==1.16.5","annotated-types==0.7.0","anyio==4.10.0","argon2-cffi==25.1.0","argon2-cffi-bindings==25.1.0","arrow==1.3.0","asttokens==3.0.0","async-lru==2.0.5","attrs==25.3.0","babel==2.17.0","beautifulsoup4==4.13.5","bleach==6.2.0","blinker==1.9.0","cachetools==5.5.2","certifi==2025.8.3","cffi==1.17.1","charset-normalizer==3.4.3","clarabel==0.11.1","click==8.2.1","cloudpickle==3.1.1","colorama==0.4.6","comet_ml==3.52.1","comm==0.2.3","configobj==5.0.9","contourpy==1.3.3","cryptography==45.0.7","cvxpy==1.7.2","cycler==0.12.1","databricks-sdk==0.65.0","datasets==4.0.0","debugpy==1.8.16","decorator==5.2.1","defusedxml==0.7.1","dill==0.3.8","dnspython==2.7.0","docker==7.1.0","dulwich==0.24.1","einops==0.8.1","everett==3.1.0","executing==2.2.1","farama-notifications==0.0.4","fastapi==0.116.1","fastjsonschema==2.21.2","filelock==3.19.1","fire==0.7.1","flask==3.1.2","fonttools==4.59.2","fqdn==1.5.1","frozenlist==1.7.0","fsspec==2024.6.1","gitdb==4.0.12","gitpython==3.1.45","google-auth==2.40.3","graphene==3.4.3","graphql-core==3.2.6","graphql-relay==3.2.0","greenlet==3.2.4","gym==0.26.2","gym-notices==0.1.0","gymnasium==1.2.0","h11==0.16.0","httpcore==1.0.9","httpx==0.28.1","huggingface-hub==0.34.4","idna==3.10","importlib_metadata==8.7.0","ipykernel==6.30.1","ipython==9.5.0","ipython_pygments_lexers==1.1.1","ipywidgets==8.1.7","isoduration==20.11.0","itsdangerous==2.2.0","jedi==0.19.2","jinja2==3.1.4","joblib==1.5.2","json5==0.12.1","jsonpointer==3.0.0","jsonschema==4.25.1","jsonschema-specifications==2025.4.1","jupyter==1.1.1","jupyter-console==6.6.3","jupyter-events==0.12.0","jupyter-lsp==2.3.0","jupyter_client==8.6.3","jupyter_core==5.8.1","jupyter_server==2.17.0","jupyter_server_terminals==0.5.3","jupyterlab==4.4.7","jupyterlab_pygments==0.3.0","jupyterlab_server==2.27.3","jupyterlab_widgets==3.0.15","kiwisolver==1.4.9","lark==1.2.2","lightgbm==4.6.0","loguru==0.7.3","mako==1.3.10","markdown-it-py==4.0.0","markupsafe==2.1.5","matplotlib==3.9.3","matplotlib-inline==0.1.7","mdurl==0.1.2","mistune==3.1.4","mlflow==3.3.2","mlflow-skinny==3.3.2","mlflow-tracing==3.3.2","mpmath==1.3.0","multidict==6.6.4","multiprocess==0.70.16","nbclient==0.10.2","nbconvert==7.16.6","nbformat==5.10.4","nest-asyncio==1.6.0","networkx==3.3","notebook==7.4.5","notebook_shim==0.2.4","numpy==2.1.2","opentelemetry-api==1.36.0","opentelemetry-sdk==1.36.0","opentelemetry-semantic-conventions==0.57b0","osqp==1.0.4","overrides==7.7.0","packaging==25.0","pandas==2.2.2","pandocfilters==1.5.1","parso==0.8.5","pillow==11.0.0","pip==25.2","platformdirs==4.4.0","prometheus_client==0.22.1","prompt_toolkit==3.0.52","propcache==0.3.2","protobuf==6.32.0","psutil==7.0.0","pure_eval==0.2.3","pyarrow==21.0.0","pyasn1==0.6.1","pyasn1_modules==0.4.2","pycparser==2.22","pydantic==2.11.7","pydantic-settings==2.10.1","pydantic_core==2.33.2","pygame==2.6.1","pygments==2.19.2","pymongo==4.14.1","pyparsing==3.2.3","pyqlib==0.9.7","python-box==6.1.0","python-dateutil==2.9.0.post0","python-dotenv==1.1.1","python-json-logger==3.3.0","python-redis-lock==4.0.0","pytz==2025.2","pywin32==311","pywinpty==3.0.0","pyyaml==6.0.2","pyzmq==27.0.2","redis==6.4.0","referencing==0.36.2","regex==2025.9.1","requests==2.32.5","requests-toolbelt==1.0.0","rfc3339-validator==0.1.4","rfc3986-validator==0.1.1","rfc3987-syntax==1.1.0","rich==14.1.0","rpds-py==0.27.1","rsa==4.9.1","ruamel.yaml==0.18.15","ruamel.yaml.clib==0.2.12","ruff==0.12.12","safetensors==0.6.2","scikit-learn==1.7.1","scipy==1.16.1","scs==3.2.8","semantic-version==2.10.0","send2trash==1.8.3","sentry-sdk==2.37.0","setuptools==65.5.0","simplejson==3.20.1","six==1.17.0","smmap==5.0.2","sniffio==1.3.1","soupsieve==2.8","sqlalchemy==2.0.43","sqlparse==0.5.3","stack-data==0.6.3","starlette==0.47.3","sympy==1.13.1","termcolor==3.1.0","terminado==0.18.1","threadpoolctl==3.6.0","tinycss2==1.4.0","tokenizers==0.22.0","torch==2.5.1+cu121","torchaudio==2.5.1+cu121","torchvision==0.20.1+cu121","tornado==6.5.2","tqdm==4.67.1","traitlets==5.14.3","transformers==4.56.1","types-python-dateutil==2.9.0.20250822","typing-inspection==0.4.1","typing_extensions==4.12.2","tzdata==2025.2","uri-template==1.3.0","urllib3==2.5.0","uvicorn==0.35.0","waitress==3.0.2","wcwidth==0.2.13","webcolors==24.11.1","webencodings==0.5.1","websocket-client==1.8.0","werkzeug==3.1.3","widgetsnbextension==4.0.14","win32_setctime==1.2.0","wrapt==1.17.3","wurlitzer==3.1.1","xxhash==3.5.0","yarl==1.20.1","zipp==3.23.0"],"message_id":3},"type":"installed_packages"}
{"payload":{"command":[".\\train_tokenizer.py"],"env":null,"hostname":"Arthur9","ip":"10.0.0.1","machine":"AMD64","message_id":4,"os":"Windows-10-10.0.22631-SP0","os_release":"10","os_type":"Windows","pid":1628,"processor":"Intel64 Family 6 Model 183 Stepping 1, GenuineIntel","python_exe":"D:\\code\\Kronos\\venv_py311\\Scripts\\python.exe","python_version":"3.11.8","python_version_verbose":"3.11.8 (tags/v3.11.8:db85d51, Feb  6 2024, 22:03:32) [MSC v.1937 64 bit (AMD64)]","user":"Administrator"},"type":"system_details"}
{"payload":{"gpu_static_info":[{"gpu_index":0,"name":"NVIDIA GeForce RTX 5060 Ti","power_limit":180000,"total_memory":17103323136,"uuid":"GPU-df4329d2-305c-1910-84af-2400b5f647e2"}],"message_id":5},"type":"gpu_static_info"}
{"payload":{"local_timestamp":1757345235114,"message_id":6,"metric":{"epoch":null,"metricName":"sys.gpu.0.total_memory","metricValue":17103323136,"step":null}},"type":"metric_msg"}
{"payload":{"local_timestamp":1757345235114,"message_id":7,"output":"\u001b[1;38;5;39mCOMET INFO:\u001b[0m Experiment is live on comet.com \u001b[38;5;39mhttps://www.comet.com/xu-liu/kronos-finetune-demo/f0ac3b27c0fb456b9e0e58996b9f01e1\u001b[0m\n\n","stderr":true},"type":"standard_output"}
{"payload":{"local_timestamp":1757345235121,"message_id":8,"metric":{"epoch":null,"metricName":"sys.gpu.0.gpu_utilization","metricValue":0,"step":null}},"type":"metric_msg"}
{"payload":{"local_timestamp":1757345235121,"message_id":9,"metric":{"epoch":null,"metricName":"sys.gpu.0.power_usage","metricValue":11918,"step":null}},"type":"metric_msg"}
{"payload":{"local_timestamp":1757345235121,"message_id":10,"metric":{"epoch":null,"metricName":"sys.gpu.0.temperature","metricValue":42,"step":null}},"type":"metric_msg"}
{"payload":{"local_timestamp":1757345235121,"message_id":11,"metric":{"epoch":null,"metricName":"sys.gpu.0.memory_utilization","metricValue":26,"step":null}},"type":"metric_msg"}
{"payload":{"local_timestamp":1757345235121,"message_id":12,"metric":{"epoch":null,"metricName":"sys.gpu.0.free_memory","metricValue":16086900736,"step":null}},"type":"metric_msg"}
{"payload":{"local_timestamp":1757345235121,"message_id":13,"metric":{"epoch":null,"metricName":"sys.gpu.0.used_memory","metricValue":1016422400,"step":null}},"type":"metric_msg"}
{"payload":{"local_timestamp":1757345235121,"message_id":14,"metric":{"epoch":null,"metricName":"sys.gpu.0.percent.used_memory","metricValue":5.942835739684875,"step":null}},"type":"metric_msg"}
{"payload":{"git_metadata":{"branch":"refs/heads/master","origin":"https://github.com/shiyu-coder/Kronos.git","parent":"6a13c2c1a98c770f1558205af4cebe1d5522d1bf","repo_name":"Kronos","root":"d2c2aae32ed22541fec9b54e6a7219e98447e7c2","status":null,"user":"Arthur19940725"},"message_id":15},"type":"git_metadata"}
{"payload":{"additional_params":null,"clean":true,"file_path":"tmp3obeh_37..zip","local_timestamp":1757345235190,"message_id":16,"metadata":{},"upload_type":"git-patch"},"type":"file_upload"}
{"payload":{"key":"Name","message_id":17,"value":"finetune_demo"},"type":"log_other"}
{"payload":{"key":"hasNestedParams","message_id":18,"value":true},"type":"log_other"}
{"payload":{"local_timestamp":1757345235648,"message_id":19,"metric":{"epoch":null,"metricName":"sys.cpu.percent.avg","metricValue":0.0,"step":null}},"type":"metric_msg"}
{"payload":{"local_timestamp":1757345235648,"message_id":20,"metric":{"epoch":null,"metricName":"sys.compute.overall","metricValue":0.0,"step":null}},"type":"metric_msg"}
{"payload":{"local_timestamp":1757345235648,"message_id":21,"metric":{"epoch":null,"metricName":"sys.compute.utilized","metricValue":0.0,"step":null}},"type":"metric_msg"}
{"payload":{"local_timestamp":1757345235648,"message_id":22,"metric":{"epoch":null,"metricName":"sys.ram.total","metricValue":34116460544,"step":null}},"type":"metric_msg"}
{"payload":{"local_timestamp":1757345235648,"message_id":23,"metric":{"epoch":null,"metricName":"sys.ram.used","metricValue":15551733760,"step":null}},"type":"metric_msg"}
{"payload":{"local_timestamp":1757345235648,"message_id":24,"metric":{"epoch":null,"metricName":"sys.ram.available","metricValue":18564726784,"step":null}},"type":"metric_msg"}
{"payload":{"local_timestamp":1757345235648,"message_id":25,"metric":{"epoch":null,"metricName":"sys.ram.percent.used","metricValue":45.6,"step":null}},"type":"metric_msg"}
{"payload":{"local_timestamp":1757345235648,"message_id":26,"metric":{"epoch":null,"metricName":"sys.load.avg","metricValue":0.0,"step":null}},"type":"metric_msg"}
{"payload":{"local_timestamp":1757345235718,"message_id":27,"param":{"paramName":"accumulation_steps","paramValue":1,"source":"manual","step":null}},"type":"parameter_msg"}
{"payload":{"local_timestamp":1757345235718,"message_id":28,"param":{"paramName":"adam_beta1","paramValue":0.9,"source":"manual","step":null}},"type":"parameter_msg"}
{"payload":{"local_timestamp":1757345235718,"message_id":29,"param":{"paramName":"adam_beta2","paramValue":0.95,"source":"manual","step":null}},"type":"parameter_msg"}
{"payload":{"local_timestamp":1757345235718,"message_id":30,"param":{"paramName":"adam_weight_decay","paramValue":0.1,"source":"manual","step":null}},"type":"parameter_msg"}
{"payload":{"local_timestamp":1757345235718,"message_id":31,"param":{"paramName":"backtest_batch_size","paramValue":1000,"source":"manual","step":null}},"type":"parameter_msg"}
{"payload":{"local_timestamp":1757345235718,"message_id":32,"param":{"paramName":"backtest_benchmark","paramValue":"SH000300","source":"manual","step":null}},"type":"parameter_msg"}
{"payload":{"local_timestamp":1757345235718,"message_id":33,"param":{"paramName":"backtest_hold_thresh","paramValue":5,"source":"manual","step":null}},"type":"parameter_msg"}
{"payload":{"local_timestamp":1757345235718,"message_id":34,"param":{"paramName":"backtest_n_symbol_drop","paramValue":5,"source":"manual","step":null}},"type":"parameter_msg"}
{"payload":{"local_timestamp":1757345235718,"message_id":35,"param":{"paramName":"backtest_n_symbol_hold","paramValue":50,"source":"manual","step":null}},"type":"parameter_msg"}
{"payload":{"local_timestamp":1757345235718,"message_id":36,"param":{"paramName":"backtest_result_path","paramValue":"./outputs/backtest_results","source":"manual","step":null}},"type":"parameter_msg"}
{"payload":{"local_timestamp":1757345235718,"message_id":37,"param":{"paramName":"backtest_save_folder_name","paramValue":"finetune_backtest_demo","source":"manual","step":null}},"type":"parameter_msg"}
{"payload":{"local_timestamp":1757345235718,"message_id":38,"params":{"paramName":"backtest_time_range","paramValue":["2024-07-01","2025-06-05"],"source":"manual","step":null}},"type":"parameter_msg"}
{"payload":{"local_timestamp":1757345235718,"message_id":39,"param":{"paramName":"batch_size","paramValue":50,"source":"manual","step":null}},"type":"parameter_msg"}
{"payload":{"local_timestamp":1757345235718,"message_id":40,"param":{"paramName":"clip","paramValue":5.0,"source":"manual","step":null}},"type":"parameter_msg"}
{"payload":{"local_timestamp":1757345235718,"message_id":41,"param":{"paramName":"comet_config|api_key","paramValue":"Q1DdjqPOo6QDLidgAIWKoFxTS","source":"manual","step":null}},"type":"parameter_msg"}
{"payload":{"local_timestamp":1757345235718,"message_id":42,"param":{"paramName":"comet_config|project_name","paramValue":"Kronos-Finetune-Demo","source":"manual","step":null}},"type":"parameter_msg"}
{"payload":{"local_timestamp":1757345235718,"message_id":43,"param":{"paramName":"comet_config|workspace","paramValue":"xu-liu","source":"manual","step":null}},"type":"parameter_msg"}
{"payload":{"local_timestamp":1757345235718,"message_id":44,"param":{"paramName":"comet_name","paramValue":"finetune_demo","source":"manual","step":null}},"type":"parameter_msg"}
{"payload":{"local_timestamp":1757345235718,"message_id":45,"param":{"paramName":"comet_tag","paramValue":"finetune_demo","source":"manual","step":null}},"type":"parameter_msg"}
{"payload":{"local_timestamp":1757345235718,"message_id":46,"param":{"paramName":"dataset_begin_time","paramValue":"2011-01-01","source":"manual","step":null}},"type":"parameter_msg"}
{"payload":{"local_timestamp":1757345235718,"message_id":47,"param":{"paramName":"dataset_end_time","paramValue":"2025-06-05","source":"manual","step":null}},"type":"parameter_msg"}
{"payload":{"local_timestamp":1757345235718,"message_id":48,"param":{"paramName":"dataset_path","paramValue":"D:\\code\\Kronos\\data\\processed_datasets","source":"manual","step":null}},"type":"parameter_msg"}
{"payload":{"local_timestamp":1757345235718,"message_id":49,"param":{"paramName":"epochs","paramValue":30,"source":"manual","step":null}},"type":"parameter_msg"}
{"payload":{"local_timestamp":1757345235718,"message_id":50,"params":{"paramName":"feature_list","paramValue":["open","high","low","close","vol","amt"],"source":"manual","step":null}},"type":"parameter_msg"}
{"payload":{"local_timestamp":1757345235718,"message_id":51,"param":{"paramName":"finetuned_predictor_path","paramValue":"./outputs/models/finetune_predictor_demo/checkpoints/best_model","source":"manual","step":null}},"type":"parameter_msg"}
{"payload":{"local_timestamp":1757345235718,"message_id":52,"param":{"paramName":"finetuned_tokenizer_path","paramValue":"./outputs/models/finetune_tokenizer_demo/checkpoints/best_model","source":"manual","step":null}},"type":"parameter_msg"}
{"payload":{"local_timestamp":1757345235718,"message_id":53,"param":{"paramName":"inference_T","paramValue":0.6,"source":"manual","step":null}},"type":"parameter_msg"}
{"payload":{"local_timestamp":1757345235718,"message_id":54,"param":{"paramName":"inference_sample_count","paramValue":5,"source":"manual","step":null}},"type":"parameter_msg"}
{"payload":{"local_timestamp":1757345235718,"message_id":55,"param":{"paramName":"inference_top_k","paramValue":0,"source":"manual","step":null}},"type":"parameter_msg"}
{"payload":{"local_timestamp":1757345235718,"message_id":56,"param":{"paramName":"inference_top_p","paramValue":0.9,"source":"manual","step":null}},"type":"parameter_msg"}
{"payload":{"local_timestamp":1757345235718,"message_id":57,"param":{"paramName":"instrument","paramValue":"csi300","source":"manual","step":null}},"type":"parameter_msg"}
{"payload":{"local_timestamp":1757345235718,"message_id":58,"param":{"paramName":"log_interval","paramValue":100,"source":"manual","step":null}},"type":"parameter_msg"}
{"payload":{"local_timestamp":1757345235718,"message_id":59,"param":{"paramName":"lookback_window","paramValue":90,"source":"manual","step":null}},"type":"parameter_msg"}
{"payload":{"local_timestamp":1757345235718,"message_id":60,"param":{"paramName":"max_context","paramValue":512,"source":"manual","step":null}},"type":"parameter_msg"}
{"payload":{"local_timestamp":1757345235718,"message_id":61,"param":{"paramName":"n_train_iter","paramValue":100000,"source":"manual","step":null}},"type":"parameter_msg"}
{"payload":{"local_timestamp":1757345235718,"message_id":62,"param":{"paramName":"n_val_iter","paramValue":20000,"source":"manual","step":null}},"type":"parameter_msg"}
{"payload":{"local_timestamp":1757345235718,"message_id":63,"param":{"paramName":"predict_window","paramValue":10,"source":"manual","step":null}},"type":"parameter_msg"}
{"payload":{"local_timestamp":1757345235718,"message_id":64,"param":{"paramName":"predictor_learning_rate","paramValue":4e-05,"source":"manual","step":null}},"type":"parameter_msg"}
{"payload":{"local_timestamp":1757345235718,"message_id":65,"param":{"paramName":"predictor_save_folder_name","paramValue":"finetune_predictor_demo","source":"manual","step":null}},"type":"parameter_msg"}
{"payload":{"local_timestamp":1757345235718,"message_id":66,"param":{"paramName":"pretrained_predictor_path","paramValue":"./models/models--NeoQuasar--Kronos-small","source":"manual","step":null}},"type":"parameter_msg"}
{"payload":{"local_timestamp":1757345235718,"message_id":67,"param":{"paramName":"pretrained_tokenizer_path","paramValue":"./models/models--NeoQuasar--Kronos-Tokenizer-base","source":"manual","step":null}},"type":"parameter_msg"}
{"payload":{"local_timestamp":1757345235718,"message_id":68,"param":{"paramName":"qlib_data_path","paramValue":"./qlib/qlib_data/cn_data","source":"manual","step":null}},"type":"parameter_msg"}
{"payload":{"local_timestamp":1757345235718,"message_id":69,"param":{"paramName":"save_path","paramValue":"./outputs/models","source":"manual","step":null}},"type":"parameter_msg"}
{"payload":{"local_timestamp":1757345235718,"message_id":70,"param":{"paramName":"seed","paramValue":100,"source":"manual","step":null}},"type":"parameter_msg"}
{"payload":{"local_timestamp":1757345235718,"message_id":71,"params":{"paramName":"test_time_range","paramValue":["2024-04-01","2025-06-05"],"source":"manual","step":null}},"type":"parameter_msg"}
{"payload":{"local_timestamp":1757345235718,"message_id":72,"params":{"paramName":"time_feature_list","paramValue":["minute","hour","weekday","day","month"],"source":"manual","step":null}},"type":"parameter_msg"}
{"payload":{"local_timestamp":1757345235718,"message_id":73,"param":{"paramName":"tokenizer_learning_rate","paramValue":0.0002,"source":"manual","step":null}},"type":"parameter_msg"}
{"payload":{"local_timestamp":1757345235718,"message_id":74,"param":{"paramName":"tokenizer_save_folder_name","paramValue":"finetune_tokenizer_demo","source":"manual","step":null}},"type":"parameter_msg"}
{"payload":{"local_timestamp":1757345235718,"message_id":75,"params":{"paramName":"train_time_range","paramValue":["2011-01-01","2022-12-31"],"source":"manual","step":null}},"type":"parameter_msg"}
{"payload":{"local_timestamp":1757345235718,"message_id":76,"param":{"paramName":"use_comet","paramValue":true,"source":"manual","step":null}},"type":"parameter_msg"}
{"payload":{"local_timestamp":1757345235718,"message_id":77,"params":{"paramName":"val_time_range","paramValue":["2022-09-01","2024-06-30"],"source":"manual","step":null}},"type":"parameter_msg"}
{"payload":{"local_timestamp":1757345235718,"message_id":78,"output":"Comet Logger Initialized.","stderr":false},"type":"standard_output"}
{"payload":{"local_timestamp":1757345235718,"message_id":79,"output":"\n","stderr":false},"type":"standard_output"}
{"payload":{"local_timestamp":1757345236745,"message_id":80,"output":"[rank0]: Traceback (most recent call last):\n[rank0]:   File \"D:\\code\\Kronos\\finetune\\train_tokenizer.py\", line 314, in <module>\n[rank0]:     main(config_instance.__dict__)\n[rank0]:   File \"D:\\code\\Kronos\\finetune\\train_tokenizer.py\", line 269, in main\n[rank0]:     model = KronosTokenizer.from_pretrained(config['pretrained_tokenizer_path'])\n[rank0]:             ^^^^^^^^^^^^^^^^^^^^^^^^^^^^^^^^^^^^^^^^^^^^^^^^^^^^^^^^^^^^^^^^^^^^\n[rank0]:   File \"D:\\code\\Kronos\\venv_py311\\Lib\\site-packages\\huggingface_hub\\utils\\_validators.py\", line 114, in _inner_fn\n[rank0]:     return fn(*args, **kwargs)\n[rank0]:            ^^^^^^^^^^^^^^^^^^^\n[rank0]:   File \"D:\\code\\Kronos\\venv_py311\\Lib\\site-packages\\huggingface_hub\\hub_mixin.py\", line 511, in from_pretrained\n[rank0]:     config_file = hf_hub_download(\n[rank0]:                   ^^^^^^^^^^^^^^^^\n[rank0]:   File \"D:\\code\\Kronos\\venv_py311\\Lib\\site-packages\\huggingface_hub\\utils\\_validators.py\", line 106, in _inner_fn\n[rank0]:     validate_repo_id(arg_value)\n[rank0]:   File \"D:\\code\\Kronos\\venv_py311\\Lib\\site-packages\\huggingface_hub\\utils\\_validators.py\", line 154, in validate_repo_id\n[rank0]:     raise HFValidationError(\n[rank0]: huggingface_hub.errors.HFValidationError: Repo id must be in the form 'repo_name' or 'namespace/repo_name': './models/models--NeoQuasar--Kronos-Tokenizer-base'. Use `repo_type` argument if needed.\n","stderr":true},"type":"standard_output"}
{"payload":{"local_timestamp":1757345236745,"message_id":81,"output":"\u001b[1;38;5;39mCOMET INFO:\u001b[0m ---------------------------------------------------------------------------------------\n","stderr":true},"type":"standard_output"}
{"payload":{"local_timestamp":1757345236745,"message_id":82,"output":"\u001b[1;38;5;39mCOMET INFO:\u001b[0m Comet.ml Experiment Summary\n","stderr":true},"type":"standard_output"}
{"payload":{"local_timestamp":1757345236745,"message_id":83,"output":"\u001b[1;38;5;39mCOMET INFO:\u001b[0m ---------------------------------------------------------------------------------------\n","stderr":true},"type":"standard_output"}
{"payload":{"local_timestamp":1757345236745,"message_id":84,"output":"\u001b[1;38;5;39mCOMET INFO:\u001b[0m   Data:\n","stderr":true},"type":"standard_output"}
{"payload":{"local_timestamp":1757345236745,"message_id":85,"output":"\u001b[1;38;5;39mCOMET INFO:\u001b[0m     display_summary_level : 1\n","stderr":true},"type":"standard_output"}
{"payload":{"local_timestamp":1757345236745,"message_id":86,"output":"\u001b[1;38;5;39mCOMET INFO:\u001b[0m     name                  : finetune_demo\n","stderr":true},"type":"standard_output"}
{"payload":{"local_timestamp":1757345236745,"message_id":87,"output":"\u001b[1;38;5;39mCOMET INFO:\u001b[0m     url                   : \u001b[38;5;39mhttps://www.comet.com/xu-liu/kronos-finetune-demo/f0ac3b27c0fb456b9e0e58996b9f01e1\u001b[0m\n","stderr":true},"type":"standard_output"}
{"payload":{"local_timestamp":1757345236745,"message_id":88,"output":"\u001b[1;38;5;39mCOMET INFO:\u001b[0m   Others:\n","stderr":true},"type":"standard_output"}
{"payload":{"local_timestamp":1757345236745,"message_id":89,"output":"\u001b[1;38;5;39mCOMET INFO:\u001b[0m     Name            : finetune_demo\n","stderr":true},"type":"standard_output"}
{"payload":{"local_timestamp":1757345236745,"message_id":90,"output":"\u001b[1;38;5;39mCOMET INFO:\u001b[0m     hasNestedParams : True\n","stderr":true},"type":"standard_output"}
{"payload":{"local_timestamp":1757345236745,"message_id":91,"output":"\u001b[1;38;5;39mCOMET INFO:\u001b[0m   Parameters:\n","stderr":true},"type":"standard_output"}
{"payload":{"local_timestamp":1757345236745,"message_id":92,"output":"\u001b[1;38;5;39mCOMET INFO:\u001b[0m     accumulation_steps         : 1\n","stderr":true},"type":"standard_output"}
{"payload":{"local_timestamp":1757345236745,"message_id":93,"output":"\u001b[1;38;5;39mCOMET INFO:\u001b[0m     adam_beta1                 : 0.9\n","stderr":true},"type":"standard_output"}
{"payload":{"local_timestamp":1757345236755,"message_id":94,"output":"\u001b[1;38;5;39mCOMET INFO:\u001b[0m     adam_beta2                 : 0.95\n","stderr":true},"type":"standard_output"}
{"payload":{"local_timestamp":1757345236755,"message_id":95,"output":"\u001b[1;38;5;39mCOMET INFO:\u001b[0m     adam_weight_decay          : 0.1\n","stderr":true},"type":"standard_output"}
{"payload":{"local_timestamp":1757345236755,"message_id":96,"output":"\u001b[1;38;5;39mCOMET INFO:\u001b[0m     backtest_batch_size        : 1000\n","stderr":true},"type":"standard_output"}
{"payload":{"local_timestamp":1757345236756,"message_id":97,"output":"\u001b[1;38;5;39mCOMET INFO:\u001b[0m     backtest_benchmark         : SH000300\n","stderr":true},"type":"standard_output"}
{"payload":{"local_timestamp":1757345236756,"message_id":98,"output":"\u001b[1;38;5;39mCOMET INFO:\u001b[0m     backtest_hold_thresh       : 5\n","stderr":true},"type":"standard_output"}
{"payload":{"local_timestamp":1757345236756,"message_id":99,"output":"\u001b[1;38;5;39mCOMET INFO:\u001b[0m     backtest_n_symbol_drop     : 5\n","stderr":true},"type":"standard_output"}
{"payload":{"local_timestamp":1757345236756,"message_id":100,"output":"\u001b[1;38;5;39mCOMET INFO:\u001b[0m     backtest_n_symbol_hold     : 50\n","stderr":true},"type":"standard_output"}
{"payload":{"local_timestamp":1757345236757,"message_id":101,"output":"\u001b[1;38;5;39mCOMET INFO:\u001b[0m     backtest_result_path       : ./outputs/backtest_results\n","stderr":true},"type":"standard_output"}
{"payload":{"local_timestamp":1757345236757,"message_id":102,"output":"\u001b[1;38;5;39mCOMET INFO:\u001b[0m     backtest_save_folder_name  : finetune_backtest_demo\n","stderr":true},"type":"standard_output"}
{"payload":{"local_timestamp":1757345236757,"message_id":103,"output":"\u001b[1;38;5;39mCOMET INFO:\u001b[0m     backtest_time_range        : ['2024-07-01', '2025-06-05']\n","stderr":true},"type":"standard_output"}
{"payload":{"local_timestamp":1757345236757,"message_id":104,"output":"\u001b[1;38;5;39mCOMET INFO:\u001b[0m     batch_size                 : 50\n","stderr":true},"type":"standard_output"}
{"payload":{"local_timestamp":1757345236757,"message_id":105,"output":"\u001b[1;38;5;39mCOMET INFO:\u001b[0m     clip                       : 5.0\n","stderr":true},"type":"standard_output"}
{"payload":{"local_timestamp":1757345236757,"message_id":106,"output":"\u001b[1;38;5;39mCOMET INFO:\u001b[0m     comet_config|api_key       : Q1DdjqPOo6QDLidgAIWKoFxTS\n","stderr":true},"type":"standard_output"}
{"payload":{"local_timestamp":1757345236757,"message_id":107,"output":"\u001b[1;38;5;39mCOMET INFO:\u001b[0m     comet_config|project_name  : Kronos-Finetune-Demo\n","stderr":true},"type":"standard_output"}
{"payload":{"local_timestamp":1757345236758,"message_id":108,"output":"\u001b[1;38;5;39mCOMET INFO:\u001b[0m     comet_config|workspace     : xu-liu\n","stderr":true},"type":"standard_output"}
{"payload":{"local_timestamp":1757345236758,"message_id":109,"output":"\u001b[1;38;5;39mCOMET INFO:\u001b[0m     comet_name                 : finetune_demo\n","stderr":true},"type":"standard_output"}
{"payload":{"local_timestamp":1757345236758,"message_id":110,"output":"\u001b[1;38;5;39mCOMET INFO:\u001b[0m     comet_tag                  : finetune_demo\n","stderr":true},"type":"standard_output"}
{"payload":{"local_timestamp":1757345236758,"message_id":111,"output":"\u001b[1;38;5;39mCOMET INFO:\u001b[0m     dataset_begin_time         : 2011-01-01\n","stderr":true},"type":"standard_output"}
{"payload":{"local_timestamp":1757345236758,"message_id":112,"output":"\u001b[1;38;5;39mCOMET INFO:\u001b[0m     dataset_end_time           : 2025-06-05\n","stderr":true},"type":"standard_output"}
{"payload":{"local_timestamp":1757345236758,"message_id":113,"output":"\u001b[1;38;5;39mCOMET INFO:\u001b[0m     dataset_path               : D:\\code\\Kronos\\data\\processed_datasets\n","stderr":true},"type":"standard_output"}
{"payload":{"local_timestamp":1757345236759,"message_id":114,"output":"\u001b[1;38;5;39mCOMET INFO:\u001b[0m     epochs                     : 30\n","stderr":true},"type":"standard_output"}
{"payload":{"local_timestamp":1757345236759,"message_id":115,"output":"\u001b[1;38;5;39mCOMET INFO:\u001b[0m     feature_list               : ['open', 'high', 'low', 'close', 'vol', 'amt']\n","stderr":true},"type":"standard_output"}
{"payload":{"local_timestamp":1757345236759,"message_id":116,"output":"\u001b[1;38;5;39mCOMET INFO:\u001b[0m     finetuned_predictor_path   : ./outputs/models/finetune_predictor_demo/checkpoints/best_model\n","stderr":true},"type":"standard_output"}
{"payload":{"local_timestamp":1757345236759,"message_id":117,"output":"\u001b[1;38;5;39mCOMET INFO:\u001b[0m     finetuned_tokenizer_path   : ./outputs/models/finetune_tokenizer_demo/checkpoints/best_model\n","stderr":true},"type":"standard_output"}
{"payload":{"local_timestamp":1757345236759,"message_id":118,"output":"\u001b[1;38;5;39mCOMET INFO:\u001b[0m     inference_T                : 0.6\n","stderr":true},"type":"standard_output"}
{"payload":{"local_timestamp":1757345236760,"message_id":119,"output":"\u001b[1;38;5;39mCOMET INFO:\u001b[0m     inference_sample_count     : 5\n","stderr":true},"type":"standard_output"}
{"payload":{"local_timestamp":1757345236760,"message_id":120,"output":"\u001b[1;38;5;39mCOMET INFO:\u001b[0m     inference_top_k            : 0\n","stderr":true},"type":"standard_output"}
{"payload":{"local_timestamp":1757345236760,"message_id":121,"output":"\u001b[1;38;5;39mCOMET INFO:\u001b[0m     inference_top_p            : 0.9\n","stderr":true},"type":"standard_output"}
{"payload":{"local_timestamp":1757345236760,"message_id":122,"output":"\u001b[1;38;5;39mCOMET INFO:\u001b[0m     instrument                 : csi300\n","stderr":true},"type":"standard_output"}
{"payload":{"local_timestamp":1757345236760,"message_id":123,"output":"\u001b[1;38;5;39mCOMET INFO:\u001b[0m     log_interval               : 100\n","stderr":true},"type":"standard_output"}
{"payload":{"local_timestamp":1757345236760,"message_id":124,"output":"\u001b[1;38;5;39mCOMET INFO:\u001b[0m     lookback_window            : 90\n","stderr":true},"type":"standard_output"}
{"payload":{"local_timestamp":1757345236760,"message_id":125,"output":"\u001b[1;38;5;39mCOMET INFO:\u001b[0m     max_context                : 512\n","stderr":true},"type":"standard_output"}
{"payload":{"local_timestamp":1757345236760,"message_id":126,"output":"\u001b[1;38;5;39mCOMET INFO:\u001b[0m     n_train_iter               : 100000\n","stderr":true},"type":"standard_output"}
{"payload":{"local_timestamp":1757345236760,"message_id":127,"output":"\u001b[1;38;5;39mCOMET INFO:\u001b[0m     n_val_iter                 : 20000\n","stderr":true},"type":"standard_output"}
{"payload":{"local_timestamp":1757345236760,"message_id":128,"output":"\u001b[1;38;5;39mCOMET INFO:\u001b[0m     predict_window             : 10\n","stderr":true},"type":"standard_output"}
{"payload":{"local_timestamp":1757345236760,"message_id":129,"output":"\u001b[1;38;5;39mCOMET INFO:\u001b[0m     predictor_learning_rate    : 4e-05\n","stderr":true},"type":"standard_output"}
{"payload":{"local_timestamp":1757345236761,"message_id":130,"output":"\u001b[1;38;5;39mCOMET INFO:\u001b[0m     predictor_save_folder_name : finetune_predictor_demo\n","stderr":true},"type":"standard_output"}
{"payload":{"local_timestamp":1757345236761,"message_id":131,"output":"\u001b[1;38;5;39mCOMET INFO:\u001b[0m     pretrained_predictor_path  : ./models/models--NeoQuasar--Kronos-small\n","stderr":true},"type":"standard_output"}
{"payload":{"local_timestamp":1757345236761,"message_id":132,"output":"\u001b[1;38;5;39mCOMET INFO:\u001b[0m     pretrained_tokenizer_path  : ./models/models--NeoQuasar--Kronos-Tokenizer-base\n","stderr":true},"type":"standard_output"}
{"payload":{"local_timestamp":1757345236761,"message_id":133,"output":"\u001b[1;38;5;39mCOMET INFO:\u001b[0m     qlib_data_path             : ./qlib/qlib_data/cn_data\n","stderr":true},"type":"standard_output"}
{"payload":{"local_timestamp":1757345236761,"message_id":134,"output":"\u001b[1;38;5;39mCOMET INFO:\u001b[0m     save_path                  : ./outputs/models\n","stderr":true},"type":"standard_output"}
{"payload":{"local_timestamp":1757345236761,"message_id":135,"output":"\u001b[1;38;5;39mCOMET INFO:\u001b[0m     seed                       : 100\n","stderr":true},"type":"standard_output"}
{"payload":{"local_timestamp":1757345236761,"message_id":136,"output":"\u001b[1;38;5;39mCOMET INFO:\u001b[0m     test_time_range            : ['2024-04-01', '2025-06-05']\n","stderr":true},"type":"standard_output"}
{"payload":{"local_timestamp":1757345236761,"message_id":137,"output":"\u001b[1;38;5;39mCOMET INFO:\u001b[0m     time_feature_list          : ['minute', 'hour', 'weekday', 'day', 'month']\n","stderr":true},"type":"standard_output"}
{"payload":{"local_timestamp":1757345236761,"message_id":138,"output":"\u001b[1;38;5;39mCOMET INFO:\u001b[0m     tokenizer_learning_rate    : 0.0002\n","stderr":true},"type":"standard_output"}
{"payload":{"local_timestamp":1757345236761,"message_id":139,"output":"\u001b[1;38;5;39mCOMET INFO:\u001b[0m     tokenizer_save_folder_name : finetune_tokenizer_demo\n","stderr":true},"type":"standard_output"}
{"payload":{"local_timestamp":1757345236761,"message_id":140,"output":"\u001b[1;38;5;39mCOMET INFO:\u001b[0m     train_time_range           : ['2011-01-01', '2022-12-31']\n","stderr":true},"type":"standard_output"}
{"payload":{"local_timestamp":1757345236761,"message_id":141,"output":"\u001b[1;38;5;39mCOMET INFO:\u001b[0m     use_comet                  : True\n","stderr":true},"type":"standard_output"}
{"payload":{"local_timestamp":1757345236761,"message_id":142,"output":"\u001b[1;38;5;39mCOMET INFO:\u001b[0m     val_time_range             : ['2022-09-01', '2024-06-30']\n","stderr":true},"type":"standard_output"}
{"payload":{"local_timestamp":1757345236761,"message_id":143,"output":"\u001b[1;38;5;39mCOMET INFO:\u001b[0m   Uploads:\n","stderr":true},"type":"standard_output"}
{"payload":{"local_timestamp":1757345236761,"message_id":144,"output":"\u001b[1;38;5;39mCOMET INFO:\u001b[0m     environment details      : 1\n","stderr":true},"type":"standard_output"}
{"payload":{"local_timestamp":1757345236761,"message_id":145,"output":"\u001b[1;38;5;39mCOMET INFO:\u001b[0m     filename                 : 1\n","stderr":true},"type":"standard_output"}
{"payload":{"local_timestamp":1757345236761,"message_id":146,"output":"\u001b[1;38;5;39mCOMET INFO:\u001b[0m     git metadata             : 1\n","stderr":true},"type":"standard_output"}
{"payload":{"local_timestamp":1757345236761,"message_id":147,"output":"\u001b[1;38;5;39mCOMET INFO:\u001b[0m     git-patch (uncompressed) : 1 (285.17 KB)\n","stderr":true},"type":"standard_output"}
{"payload":{"local_timestamp":1757345236761,"message_id":148,"output":"\u001b[1;38;5;39mCOMET INFO:\u001b[0m     installed packages       : 1\n","stderr":true},"type":"standard_output"}
{"payload":{"local_timestamp":1757345236761,"message_id":149,"output":"\u001b[1;38;5;39mCOMET INFO:\u001b[0m     source_code              : 1 (12.37 KB)\n","stderr":true},"type":"standard_output"}
{"payload":{"local_timestamp":1757345236761,"message_id":150,"output":"\u001b[1;38;5;39mCOMET INFO:\u001b[0m \n","stderr":true},"type":"standard_output"}
{"payload":{"local_timestamp":1757345237677,"message_id":151,"metric":{"epoch":null,"metricName":"process duration","metricValue":14,"step":null}},"type":"metric_msg"}
